indicator,nonnull_cells
Population in largest city,132
Population in the largest city (% of urban population),132
Population in urban agglomerations of more than 1 million (% of total population),132
Population in urban agglomerations of more than 1 million,132
Net migration,132
"Mortality rate, adult, female (per 1,000 female adults)",130
"Population ages 15-64, female",130
"Population ages 40-44, male (% of male population)",130
Urban population,130
"Population ages 0-14, total",130
"Population ages 65 and above, male",130
"Population, male",130
"Birth rate, crude (per 1,000 people)",130
"Population ages 80 and above, female (% of female population)",130
"Population ages 30-34, male (% of male population)",130
"Age dependency ratio, old (% of working-age population)",130
Population ages 65 and above (% of total population),130
"Population ages 20-24, male (% of male population)",130
"Population ages 55-59, male (% of male population)",130
"Population ages 65 and above, total",130
"Population, total",130
"Population ages 60-64, female (% of female population)",130
"Population ages 00-04, male (% of male population)",130
"Population, female (% of total population)",130
"Population ages 10-14, male (% of male population)",130
"Fertility rate, total (births per woman)",130
"Survival to age 65, female (% of cohort)",130
"Population ages 05-09, male (% of male population)",130
"Population ages 15-64, total",130
"Life expectancy at birth, male (years)",130
"Death rate, crude (per 1,000 people)",130
"Population ages 45-49, female (% of female population)",130
"Population ages 0-14, male",130
"Population ages 40-44, female (% of female population)",130
"Population ages 75-79, female (% of female population)",130
"Population ages 70-74, male (% of male population)",130
"Population ages 45-49, male (% of male population)",130
"Population ages 60-64, male (% of male population)",130
"Population ages 0-14, male (% of male population)",130
"Population ages 50-54, male (% of male population)",130
"Population ages 65 and above, male (% of male population)",130
"Life expectancy at birth, total (years)",130
"Population ages 0-14, female (% of female population)",130
"Population ages 00-04, female (% of female population)",130
"Population ages 15-64, female (% of female population)",130
Urban population (% of total population),130
Rural population,130
"Population ages 30-34, female (% of female population)",130
"Population ages 15-64, male",130
"Population ages 05-09, female (% of female population)",130
Age dependency ratio (% of working-age population),130
"Population ages 65-69, male (% of male population)",130
"Population ages 15-19, female (% of female population)",130
"Population ages 65 and above, female",130
"Population ages 65 and above, female (% of female population)",130
"Population ages 55-59, female (% of female population)",130
"Population ages 50-54, female (% of female population)",130
"Life expectancy at birth, female (years)",130
"Population ages 25-29, male (% of male population)",130
"Age dependency ratio, young (% of working-age population)",130
"Population ages 65-69, female (% of female population)",130
"Population ages 25-29, female (% of female population)",130
"Mortality rate, adult, male (per 1,000 male adults)",130
"Population ages 70-74, female (% of female population)",130
"Population ages 35-39, female (% of female population)",130
Population ages 0-14 (% of total population),130
"Survival to age 65, male (% of cohort)",130
"Population ages 15-64, male (% of male population)",130
Sex ratio at birth (male births per female births),130
"Adolescent fertility rate (births per 1,000 women ages 15-19)",130
Population ages 15-64 (% of total population),130
"Population ages 10-14, female (% of female population)",130
"Population ages 0-14, female",130
"Population, female",130
Rural population (% of total population),130
"Population ages 80 and above, male (% of male population)",130
Merchandise exports (current US$),130
Merchandise imports (current US$),130
"Population ages 35-39, male (% of male population)",130
"Population, male (% of total population)",130
"Population ages 20-24, female (% of female population)",130
"Population ages 75-79, male (% of male population)",130
"Population ages 15-19, male (% of male population)",130
"Net bilateral aid flows from DAC donors, Total (current US$)",128
Net official development assistance received (constant 2021 US$),128
"Net bilateral aid flows from DAC donors, Japan (current US$)",128
Total fisheries production (metric tons),128
"Technical cooperation grants (BoP, current US$)",128
Population growth (annual %),128
Net ODA received per capita (current US$),128
"Grants, excluding technical cooperation (BoP, current US$)",128
Capture fisheries production (metric tons),128
Aquaculture production (metric tons),128
Net official development assistance and official aid received (constant 2021 US$),128
Net official development assistance and official aid received (current US$),128
Urban population growth (annual %),128
Rural population growth (annual %),128
Net official development assistance received (current US$),128
"Net bilateral aid flows from DAC donors, Germany (current US$)",127
Arable land (hectares per person),126
"Mortality rate, under-5 (per 1,000 live births)",126
"Mortality rate, under-5, male (per 1,000 live births)",126
Land under cereal production (hectares),126
Permanent cropland (% of land area),126
Land area (sq. km),126
"Mortality rate, infant (per 1,000 live births)",126
Agricultural land (% of land area),126
Fertilizer consumption (kilograms per hectare of arable land),126
Arable land (% of land area),126
Population density (people per sq. km of land area),126
Arable land (hectares),126
"Mortality rate, infant, male (per 1,000 live births)",126
Surface area (sq. km),126
Cereal yield (kg per hectare),126
Agricultural land (sq. km),126
"Mortality rate, under-5, female (per 1,000 live births)",126
"Mortality rate, infant, female (per 1,000 live births)",126
Cereal production (metric tons),126
Number of infant deaths,125
"Renewable internal freshwater resources, total (billion cubic meters)",124
Crop production index (2014-2016 = 100),124
Arms imports (SIPRI trend indicator values),124
Livestock production index (2014-2016 = 100),124
Average precipitation in depth (mm per year),124
Renewable internal freshwater resources per capita (cubic meters),124
Food production index (2014-2016 = 100),124
Number of under-five deaths,121
Fertilizer consumption (% of fertilizer production),120
Fixed telephone subscriptions (per 100 people),120
Fixed telephone subscriptions,120
"Net bilateral aid flows from DAC donors, Canada (current US$)",118
"Net bilateral aid flows from DAC donors, United Kingdom (current US$)",118
"Net bilateral aid flows from DAC donors, Australia (current US$)",116
"Mortality rate, neonatal (per 1,000 live births)",116
Number of neonatal deaths,115
Merchandise imports by the reporting economy (current US$),114
Merchandise exports by the reporting economy (current US$),114
"Net bilateral aid flows from DAC donors, Switzerland (current US$)",114
Merchandise exports to high-income economies (% of total merchandise exports),114
"Merchandise exports by the reporting economy, residual (% of total merchandise exports)",114
"Merchandise imports by the reporting economy, residual (% of total merchandise imports)",114
Merchandise imports from high-income economies (% of total merchandise imports),114
"Net bilateral aid flows from DAC donors, France (current US$)",113
Primary school starting age (years),112
"Secondary education, duration (years)",112
"Primary education, duration (years)",112
Lower secondary school starting age (years),112
Carbon dioxide (CO2) emissions from Power Industry (Energy) (Mt CO2e),110
Methane (CH4) emissions from Building (Energy) (Mt CO2e),110
Methane (CH4) emissions from Agriculture (Mt CO2e),110
Methane (CH4) emissions from Fugitive Emissions (Energy) (Mt CO2e),110
Carbon dioxide (CO2) emissions (total) excluding LULUCF (Mt CO2e),110
Nitrous oxide (N2O) emissions from Fugitive Emissions (Energy) (Mt CO2e),110
Nitrous oxide (N2O) emissions (total) excluding LULUCF (Mt CO2e),110
"Net official flows from UN agencies, UNDP (current US$)",110
Carbon dioxide (CO2) emissions from Building (Energy) (Mt CO2e),110
Total greenhouse gas emissions excluding LULUCF (Mt CO2e),110
Carbon dioxide (CO2) emissions excluding LULUCF per capita (t CO2e/capita),110
Carbon dioxide (CO2) emissions from Agriculture (Mt CO2e),110
"Foreign direct investment, net inflows (BoP, current US$)",110
Nitrous oxide (N2O) emissions from Industrial Combustion (Energy) (Mt CO2e),110
Methane (CH4) emissions from Industrial Combustion (Energy) (Mt CO2e),110
Nitrous oxide (N2O) emissions from Transport (Energy) (Mt CO2e),110
Nitrous oxide (N2O) emissions from Waste (Mt CO2e),110
Carbon dioxide (CO2) emissions from Industrial Combustion (Energy) (Mt CO2e),110
Carbon dioxide (CO2) emissions from Transport (Energy) (Mt CO2e),110
Total greenhouse gas emissions excluding LULUCF per capita (t CO2e/capita),110
Methane (CH4) emissions (total) excluding LULUCF (Mt CO2e),110
Nitrous oxide (N2O) emissions from Industrial Processes (Mt CO2e),110
Nitrous oxide (N2O) emissions from Power Industry (Energy) (Mt CO2e),110
Methane (CH4) emissions from Industrial Processes (Mt CO2e),110
Carbon dioxide (CO2) emissions from Fugitive Emissions (Energy) (Mt CO2e),110
Methane (CH4) emissions from Transport (Energy) (Mt CO2e),110
Nitrous oxide (N2O) emissions from Building (Energy) (Mt CO2e),110
Nitrous oxide (N2O) emissions from Agriculture (Mt CO2e),110
Carbon dioxide (CO2) emissions from Industrial Processes (Mt CO2e),110
Methane (CH4) emissions from Waste (Mt CO2e),110
Methane (CH4) emissions from Power Industry (Energy) (Mt CO2e),110
Carbon dioxide (CO2) emissions from Waste (Mt CO2e),110
DEC alternative conversion factor (LCU per US$),109
"Net bilateral aid flows from DAC donors, United States (current US$)",107
Merchandise exports to low- and middle-income economies outside region (% of total merchandise exports),107
"Net official flows from UN agencies, UNICEF (current US$)",107
GDP (constant LCU),106
GDP per capita (constant 2015 US$),106
Mobile cellular subscriptions,106
GDP per capita (constant LCU),106
Merchandise exports to low- and middle-income economies in East Asia & Pacific (% of total merchandise exports),106
GDP (constant 2015 US$),106
Merchandise exports to low- and middle-income economies within region (% of total merchandise exports),106
GDP (current LCU),105
Merchandise trade (% of GDP),105
"Official exchange rate (LCU per US$, period average)",105
Merchandise imports from low- and middle-income economies outside region (% of total merchandise imports),105
GDP per capita (current LCU),105
GDP per capita (current US$),105
Mobile cellular subscriptions (per 100 people),105
GDP (current US$),105
GDP deflator (base year varies by country),105
Adjusted savings: mineral depletion (current US$),104
External balance on goods and services (current LCU),104
Imports of goods and services (current US$),104
Exports of goods and services (current US$),104
"Agriculture, forestry, and fishing, value added (current LCU)",104
Merchandise imports from low- and middle-income economies within region (% of total merchandise imports),104
"Net bilateral aid flows from DAC donors, Denmark (current US$)",104
"Agriculture, forestry, and fishing, value added (% of GDP)",104
Merchandise imports from low- and middle-income economies in East Asia & Pacific (% of total merchandise imports),104
"Air transport, registered carrier departures worldwide",104
"Agriculture, forestry, and fishing, value added (current US$)",104
Merchandise exports to low- and middle-income economies in Sub-Saharan Africa (% of total merchandise exports),104
Exports of goods and services (current LCU),104
"Industry (including construction), value added (current US$)",104
Merchandise exports to economies in the Arab World (% of total merchandise exports),104
External balance on goods and services (current US$),104
Adjusted savings: education expenditure (% of GNI),104
GDP per capita growth (annual %),104
Merchandise imports from low- and middle-income economies in Latin America & the Caribbean (% of total merchandise imports),104
Imports of goods and services (current LCU),104
Trade (% of GDP),104
Merchandise exports to low- and middle-income economies in South Asia (% of total merchandise exports),104
Adjusted savings: net forest depletion (current US$),104
Imports of goods and services (% of GDP),104
External balance on goods and services (% of GDP),104
Exports of goods and services (% of GDP),104
GDP growth (annual %),104
"Industry (including construction), value added (% of GDP)",104
"Air transport, passengers carried",104
"Industry (including construction), value added (current LCU)",104
Merchandise exports to low- and middle-income economies in Middle East & North Africa (% of total merchandise exports),104
Merchandise imports from low- and middle-income economies in South Asia (% of total merchandise imports),104
"Inflation, GDP deflator (annual %)",103
Adjusted savings: energy depletion (current US$),103
GNI (current LCU),101
Imports of goods and services (constant 2015 US$),101
Exports of goods and services (constant LCU),101
Gross domestic income (constant LCU),101
Gross capital formation (constant LCU),101
"Net bilateral aid flows from DAC donors, Austria (current US$)",101
GNI per capita (current LCU),101
Exports as a capacity to import (constant LCU),101
Net primary income (Net income from abroad) (current US$),101
Gross capital formation (constant 2015 US$),101
Terms of trade adjustment (constant LCU),101
Exports of goods and services (constant 2015 US$),101
GNI (current US$),101
Imports of goods and services (constant LCU),101
Net primary income (Net income from abroad) (current LCU),101
"Net bilateral aid flows from DAC donors, Sweden (current US$)",100
Merchandise exports to low- and middle-income economies in Latin America & the Caribbean (% of total merchandise exports),100
Merchandise imports from economies in the Arab World (% of total merchandise imports),100
Gross capital formation (annual % growth),99
Refugees under the mandate of the UNHCR by country or territory of asylum,99
Net ODA received (% of GNI),99
"GNI, Atlas method (current US$)",99
"Net bilateral aid flows from DAC donors, Italy (current US$)",99
Imports of goods and services (annual % growth),99
Exports of goods and services (annual % growth),99
"GNI per capita, Atlas method (current US$)",99
Net secondary income (Net current transfers from abroad) (current US$),98
"Net bilateral aid flows from DAC donors, Belgium (current US$)",98
Net secondary income (Net current transfers from abroad) (current LCU),98
Merchandise imports from low- and middle-income economies in Europe & Central Asia (% of total merchandise imports),97
Merchandise imports from low- and middle-income economies in Sub-Saharan Africa (% of total merchandise imports),97
General government final consumption expenditure (constant 2015 US$),96
Gross fixed capital formation (constant 2015 US$),96
Households and NPISHs Final consumption expenditure (constant LCU),96
Gross fixed capital formation (constant LCU),96
Final consumption expenditure (constant 2015 US$),96
General government final consumption expenditure (constant LCU),96
Households and NPISHs Final consumption expenditure (constant 2015 US$),96
"School enrollment, primary (% gross)",96
Gross national expenditure (constant 2015 US$),96
Carbon intensity of GDP (kg CO2e per constant 2015 US$ of GDP),96
"Primary education, pupils",96
Households and NPISHs Final consumption expenditure per capita (constant 2015 US$),96
Gross national expenditure (constant LCU),96
Final consumption expenditure (constant LCU),96
Changes in inventories (constant LCU),96
Merchandise exports to low- and middle-income economies in Europe & Central Asia (% of total merchandise exports),96
"Net bilateral aid flows from DAC donors, Norway (current US$)",96
Net foreign assets (current LCU),96
"Industry (including construction), value added (constant 2015 US$)",95
General government final consumption expenditure (current US$),95
Final consumption expenditure (% of GDP),95
Merchandise imports from low- and middle-income economies in Middle East & North Africa (% of total merchandise imports),95
Gross capital formation (current LCU),95
"Manufacturing, value added (constant 2015 US$)",95
"Manufacturing, value added (constant LCU)",95
Gross national expenditure (current US$),95
Gross fixed capital formation (current LCU),95
Gross domestic savings (current US$),95
"Total reserves (includes gold, current US$)",95
Households and NPISHs final consumption expenditure (% of GDP),95
Broad money (% of GDP),95
Broad money (current LCU),95
"Services, value added (constant LCU)",95
Consumer price index (2010 = 100),95
"Claims on central government, etc. (% GDP)",95
Domestic credit to private sector (% of GDP),95
Total reserves minus gold (current US$),95
Gross capital formation (% of GDP),95
Gross national expenditure (% of GDP),95
"Industry (including construction), value added (constant LCU)",95
Households and NPISHs Final consumption expenditure (current LCU),95
"Foreign direct investment, net inflows (% of GDP)",95
"Agriculture, forestry, and fishing, value added (constant LCU)",95
Monetary Sector credit to private sector (% GDP),95
General government final consumption expenditure (current LCU),95
"Services, value added (constant 2015 US$)",95
Gross capital formation (current US$),95
Gross fixed capital formation (current US$),95
General government final consumption expenditure (% of GDP),95
Gross fixed capital formation (% of GDP),95
Final consumption expenditure (current US$),95
Gross national expenditure deflator (base year varies by country),95
Gross national expenditure (current LCU),95
Final consumption expenditure (current LCU),95
Net domestic credit (current LCU),95
Households and NPISHs Final consumption expenditure (current US$),95
Domestic credit to private sector by banks (% of GDP),95
Discrepancy in expenditure estimate of GDP (current LCU),95
Gross domestic savings (current LCU),95
Gross domestic savings (% of GDP),95
"Agriculture, forestry, and fishing, value added (constant 2015 US$)",95
"Net bilateral aid flows from DAC donors, Netherlands (current US$)",94
General government final consumption expenditure (annual % growth),94
"Net bilateral aid flows from DAC donors, Finland (current US$)",94
Households and NPISHs Final consumption expenditure per capita growth (annual %),94
Final consumption expenditure (annual % growth),94
"Primary education, teachers",94
Gross fixed capital formation (annual % growth),94
"Inflation, consumer prices (annual %)",94
Households and NPISHs Final consumption expenditure (annual % growth),94
"Manufacturing, value added (annual % growth)",93
"Services, value added (annual % growth)",93
Broad money to total reserves ratio,93
Net ODA received (% of gross capital formation),93
"Agriculture, forestry, and fishing, value added (annual % growth)",93
GNI growth (annual %),93
"Net bilateral aid flows from DAC donors, New Zealand (current US$)",93
"Industry (including construction), value added (annual % growth)",93
Broad money growth (annual %),92
Claims on central government (annual growth as % of broad money),92
Claims on private sector (annual growth as % of broad money),92
"IFC, private nonguaranteed (NFL, US$)",91
Refugees under the mandate of the UNHCR by country or territory of origin,91
Forest rents (% of GDP),89
Military expenditure (current USD),89
Natural gas rents (% of GDP),89
Adjusted savings: consumption of fixed capital (current US$),89
Total natural resources rents (% of GDP),89
"Net official flows from UN agencies, UNFPA (current US$)",89
Mineral rents (% of GDP),89
Oil rents (% of GDP),89
Military expenditure (% of GDP),89
Military expenditure (current LCU),89
Import value index (2015 = 100),88
Ores and metals exports (% of merchandise exports),88
Fuel imports (% of merchandise imports),88
Agricultural raw materials exports (% of merchandise exports),88
Manufactures imports (% of merchandise imports),88
Coal rents (% of GDP),88
"Net bilateral aid flows from DAC donors, European Union institutions (current US$)",88
Food imports (% of merchandise imports),88
Export value index (2015 = 100),88
Agricultural raw materials imports (% of merchandise imports),88
Food exports (% of merchandise exports),88
"Secondary education, general pupils",88
Manufactures exports (% of merchandise exports),88
"Air transport, freight (million ton-km)",88
Ores and metals imports (% of merchandise imports),88
Fuel exports (% of merchandise exports),88
Deposit interest rate (%),87
"Immunization, DPT (% of children ages 12-23 months)",87
Changes in inventories (current LCU),87
Changes in inventories (current US$),87
Adjusted savings: natural resources depletion (% of GNI),85
Adjusted savings: energy depletion (% of GNI),85
"Manufacturing, value added (current US$)",85
Adjusted net national income (current US$),85
Adjusted savings: mineral depletion (% of GNI),85
"Manufacturing, value added (current LCU)",85
"Manufacturing, value added (% of GDP)",85
Adjusted net national income per capita (current US$),85
Lending interest rate (%),85
Real interest rate (%),85
Adjusted savings: net forest depletion (% of GNI),85
"Immunization, measles (% of children ages 12-23 months)",85
Adjusted savings: consumption of fixed capital (% of GNI),85
Adjusted savings: education expenditure (current US$),85
"Interest rate spread (lending rate minus deposit rate, %)",84
"School enrollment, preprimary (% gross)",83
"School enrollment, tertiary (% gross)",83
Newborns protected against tetanus (%),82
"School enrollment, primary, female (% gross)",81
"School enrollment, primary, male (% gross)",81
"Pupil-teacher ratio, primary",81
"Primary income payments (BoP, current US$)",80
"Service exports (BoP, current US$)",80
Commercial service exports (current US$),80
"Net official flows from UN agencies, UNTA (current US$)",80
Gross savings (current US$),80
"Exports of goods and services (BoP, current US$)",80
Gross value added at basic prices (GVA) (current LCU),80
"Secondary income receipts (BoP, current US$)",80
"Net secondary income (BoP, current US$)",80
"Service imports (BoP, current US$)",80
Trade in services (% of GDP),80
"Net primary income (BoP, current US$)",80
"Goods imports (BoP, current US$)",80
Gross savings (% of GNI),80
Commercial service imports (current US$),80
Gross savings (current LCU),80
Taxes less subsidies on products (current US$),80
"Goods exports (BoP, current US$)",80
Current account balance (% of GDP),80
"Reserves and related items (BoP, current US$)",80
"Foreign direct investment, net (BoP, current US$)",80
"Imports of goods and services (BoP, current US$)",80
"Net errors and omissions (BoP, current US$)",80
"Net financial account (BoP, current US$)",80
Gross value added at basic prices (GVA) (current US$),80
Gross savings (% of GDP),80
"Current account balance (BoP, current US$)",80
"Net trade in goods (BoP, current US$)",80
"Net trade in goods and services (BoP, current US$)",80
"Exports of goods, services and primary income (BoP, current US$)",80
"Imports of goods, services and primary income (BoP, current US$)",80
Taxes less subsidies on products (current LCU),80
"Primary income receipts (BoP, current US$)",80
Total reserves in months of imports,80
Machinery and transport equipment (% of value added in manufacturing),79
Other manufacturing (% of value added in manufacturing),79
"Primary education, teachers (% female)",79
Chemicals (% of value added in manufacturing),79
"Food, beverages and tobacco (% of value added in manufacturing)",79
Adjusted net national income (constant 2015 US$),79
Adjusted net national income per capita (constant 2015 US$),79
Textiles and clothing (% of value added in manufacturing),79
"Net ODA received (% of imports of goods, services and primary income)",78
Lifetime risk of maternal death (%),78
"Maternal mortality ratio (modeled estimate, per 100,000 live births)",78
Lifetime risk of maternal death (1 in: rate varies by country),78
Number of maternal deaths,78
Adjusted net national income (annual % growth),77
"Services, value added (current LCU)",77
Adjusted net national income per capita (annual % growth),77
"Services, value added (% of GDP)",77
"Net official flows from UN agencies, UNHCR (current US$)",77
"Services, value added (current US$)",77
"Annual freshwater withdrawals, agriculture (% of total freshwater withdrawal)",76
"Annual freshwater withdrawals, domestic (% of total freshwater withdrawal)",76
"Annual freshwater withdrawals, industry (% of total freshwater withdrawal)",76
Level of water stress: freshwater withdrawal as a proportion of available freshwater resources,76
"Annual freshwater withdrawals, total (billion cubic meters)",76
"Annual freshwater withdrawals, total (% of internal resources)",76
"Secondary education, general pupils (% female)",75
Adjusted savings: net national savings (current US$),74
Adjusted savings: net national savings (% of GNI),74
Adjusted savings: gross savings (% of GNI),74
"School enrollment, primary (gross), gender parity index (GPI)",74
"Patent applications, nonresidents",73
"Patent applications, residents",73
"Labor force participation rate, female (% of female population ages 15+) (modeled ILO estimate)",72
Ratio of female to male labor force participation rate (%) (modeled ILO estimate),72
"Labor force participation rate for ages 15-24, male (%) (modeled ILO estimate)",72
"Labor force participation rate for ages 15-24, female (%) (modeled ILO estimate)",72
"Labor force, total",72
"Labor force participation rate, male (% of male population ages 15+) (modeled ILO estimate)",72
"Water productivity, total (constant 2015 US$ GDP per cubic meter of total freshwater withdrawal)",72
"Labor force participation rate, total (% of total population ages 15+) (modeled ILO estimate)",72
"Labor force participation rate, male (% of male population ages 15-64) (modeled ILO estimate)",72
"Labor force participation rate, total (% of total population ages 15-64) (modeled ILO estimate)",72
"Labor force participation rate for ages 15-24, total (%) (modeled ILO estimate)",72
"Labor force, female (% of total labor force)",72
"Labor force participation rate, female (% of female population ages 15-64) (modeled ILO estimate)",72
"Foreign direct investment, net outflows (% of GDP)",71
"Net bilateral aid flows from DAC donors, Korea, Rep. (current US$)",71
"Foreign direct investment, net outflows (BoP, current US$)",71
"Personal remittances, paid (current US$)",71
"Portfolio Investment, net (BoP, current US$)",71
"Physicians (per 1,000 people)",71
"Unemployment, youth total (% of total labor force ages 15-24) (modeled ILO estimate)",70
"Unemployment, youth male (% of male labor force ages 15-24) (modeled ILO estimate)",70
"Contributing family workers, total (% of total employment) (modeled ILO estimate)",70
Women's share of population ages 15+ living with HIV (%),70
"GNI per capita, PPP (current international $)",70
GDP deflator: linked series (base year varies by country),70
"PPP conversion factor, GDP (LCU per international $)",70
"Prevalence of HIV, male (% ages 15-24)",70
"Unemployment, female (% of female labor force) (modeled ILO estimate)",70
"Vulnerable employment, female (% of female employment) (modeled ILO estimate)",70
"Employment in agriculture, male (% of male employment) (modeled ILO estimate)",70
"Probability of dying among children ages 5-9 years (per 1,000)",70
"Employment to population ratio, ages 15-24, female (%) (modeled ILO estimate)",70
"Employment to population ratio, 15+, female (%) (modeled ILO estimate)",70
Price level index (GDP),70
"Incidence of HIV, all (per 1,000 uninfected population)",70
GNI: linked series (current LCU),70
"Incidence of HIV, ages 15-24 (per 1,000 uninfected population ages 15-24)",70
"Employment in industry, female (% of female employment) (modeled ILO estimate)",70
"Employment in services, male (% of male employment) (modeled ILO estimate)",70
"GDP, PPP (current international $)",70
"Self-employed, female (% of female employment) (modeled ILO estimate)",70
"Employers, female (% of female employment) (modeled ILO estimate)",70
Number of deaths ages 20-24 years,70
"Employers, total (% of total employment) (modeled ILO estimate)",70
"Prevalence of HIV, total (% of population ages 15-49)",70
Adults (ages 15-49) newly infected with HIV,70
"Probability of dying among youth ages 20-24 years (per 1,000)",70
"Employment in industry, male (% of male employment) (modeled ILO estimate)",70
"Employment in agriculture, female (% of female employment) (modeled ILO estimate)",70
Children (ages 0-14) newly infected with HIV,70
"Employers, male (% of male employment) (modeled ILO estimate)",70
Employment in industry (% of total employment) (modeled ILO estimate),70
"Wage and salaried workers, female (% of female employment) (modeled ILO estimate)",70
"GDP, PPP (constant 2021 international $)",70
GDP: linked series (current LCU),70
"Unemployment, male (% of male labor force) (modeled ILO estimate)",70
"Self-employed, male (% of male employment) (modeled ILO estimate)",70
"Self-employed, total (% of total employment) (modeled ILO estimate)",70
"Probability of dying among adolescents ages 15-19 years (per 1,000)",70
"Contributing family workers, female (% of female employment) (modeled ILO estimate)",70
"Vulnerable employment, total (% of total employment) (modeled ILO estimate)",70
Number of deaths ages 15-19 years,70
"Employment in services, female (% of female employment) (modeled ILO estimate)",70
F-gases emissions from Industrial Processes (Mt CO2e),70
Carbon intensity of GDP (kg CO2e per 2021 PPP $ of GDP),70
Adults (ages 15+) and children (ages 0-14) newly infected with HIV,70
"Employment to population ratio, ages 15-24, male (%) (modeled ILO estimate)",70
Import unit value index (2015 = 100),70
Number of deaths ages 5-9 years,70
"Wage and salaried workers, male (% of male employment) (modeled ILO estimate)",70
"Unemployment, youth female (% of female labor force ages 15-24) (modeled ILO estimate)",70
"Wage and salaried workers, total (% of total employment) (modeled ILO estimate)",70
"Vulnerable employment, male (% of male employment) (modeled ILO estimate)",70
Employment in agriculture (% of total employment) (modeled ILO estimate),70
"Unemployment, total (% of total labor force) (modeled ILO estimate)",70
"Incidence of HIV, ages 15-49 (per 1,000 uninfected population ages 15-49)",70
"Contributing family workers, male (% of male employment) (modeled ILO estimate)",70
Number of deaths ages 10-14 years,70
Children (0-14) living with HIV,70
"GDP per capita, PPP (current international $)",70
"Employment to population ratio, ages 15-24, total (%) (modeled ILO estimate)",70
"Employment to population ratio, 15+, male (%) (modeled ILO estimate)",70
Young people (ages 15-24) newly infected with HIV,70
Employment in services (% of total employment) (modeled ILO estimate),70
"GDP per capita, PPP (constant 2021 international $)",70
"Inflation, GDP deflator: linked series (annual %)",70
"Probability of dying among adolescents ages 10-14 years (per 1,000)",70
"Employment to population ratio, 15+, total (%) (modeled ILO estimate)",70
Export unit value index (2015 = 100),70
"GNI, PPP (current international $)",70
"Prevalence of HIV, female (% ages 15-24)",70
"Energy use (kg of oil equivalent) per $1,000 GDP (constant 2021 PPP)",68
"Agriculture, forestry, and fishing, value added per worker (constant 2015 US$)",68
GDP per person employed (constant 2021 PPP $),68
Forest area (sq. km),68
Forest area (% of land area),68
Methane (CH4) emissions (total) excluding LULUCF (% change from 1990),68
Import volume index (2015 = 100),68
GDP per unit of energy use (PPP $ per kg of oil equivalent),68
"Labor force participation rate, male (% of male population ages 15+) (national estimate)",68
"Services, value added per worker (constant 2015 US$)",68
GDP per unit of energy use (constant 2021 PPP $ per kg of oil equivalent),68
Energy use (kg of oil equivalent per capita),68
Ratio of female to male labor force participation rate (%) (national estimate),68
Electricity production from oil sources (% of total),68
Nitrous oxide (N2O) emissions (total) excluding LULUCF (% change from 1990),68
Electric power consumption (kWh per capita),68
Electricity production from coal sources (% of total),68
Electricity production from hydroelectric sources (% of total),68
Electricity production from natural gas sources (% of total),68
"Labor force participation rate, female (% of female population ages 15+) (national estimate)",68
Electric power transmission and distribution losses (% of output),68
Total greenhouse gas emissions excluding LULUCF (% change from 1990),68
Combustible renewables and waste (% of total energy),68
"Primary education, pupils (% female)",68
Export volume index (2015 = 100),68
"Labor force participation rate, total (% of total population ages 15+) (national estimate)",68
Carbon dioxide (CO2) emissions (total) excluding LULUCF (% change from 1990),68
Alternative and nuclear energy (% of total energy use),68
Net barter terms of trade index (2015 = 100),68
"Industry (including construction), value added per worker (constant 2015 US$)",68
"Secondary education, pupils",67
"Unemployment, total (% of total labor force) (national estimate)",67
"Unemployment, male (% of male labor force) (national estimate)",67
"School enrollment, secondary (% gross)",67
"Unemployment, female (% of female labor force) (national estimate)",67
Fossil fuel energy consumption (% of total),67
Medium and high-tech manufacturing value added (% manufacturing value added),66
"PPP conversion factor, private consumption (LCU per international $)",66
"Households and NPISHs Final consumption expenditure per capita, PPP (constant 2021 international $)",66
"Households and NPISHs Final consumption expenditure, PPP (constant 2021 international $)",66
"Employment to population ratio, 15+, female (%) (national estimate)",66
"Energy imports, net (% of energy use)",66
"Electricity production from oil, gas and coal sources (% of total)",66
"Pupil-teacher ratio, tertiary",66
"Employment to population ratio, 15+, total (%) (national estimate)",66
"Employment to population ratio, 15+, male (%) (national estimate)",66
Medium and high-tech exports (% manufactured exports),66
"Households and NPISHs Final consumption expenditure per capita, PPP (current international $)",65
"Armed forces personnel, total",65
Price level index (Households and NPISHs Final consumption expenditure),65
Households and NPISHs final consumption expenditure: linked series (current LCU),65
"School enrollment, preprimary, male (% gross)",65
"Households and NPISHs Final consumption expenditure, PPP (current international $)",65
"School enrollment, preprimary, female (% gross)",65
Electricity production from nuclear sources (% of total),64
Individuals using the Internet (% of population),64
Renewable electricity output (% of total electricity output),64
"Electricity production from renewable sources, excluding hydroelectric (kWh)",64
Adjusted savings: carbon dioxide damage (% of GNI),64
Adjusted savings: carbon dioxide damage (current US$),64
Renewable energy consumption (% of total final energy consumption),64
"Pupil-teacher ratio, preprimary",64
"Listed domestic companies, total",64
Adjusted savings: particulate emission damage (% of GNI),64
"Electricity production from renewable sources, excluding hydroelectric (% of total)",64
Adjusted savings: particulate emission damage (current US$),64
"School enrollment, tertiary, male (% gross)",63
Market capitalization of listed domestic companies (current US$),63
"School enrollment, tertiary, female (% gross)",63
"School enrollment, tertiary (gross), gender parity index (GPI)",63
"Stocks traded, total value (current US$)",63
"Net financial flows, IBRD (NFL, current US$)",62
"PM2.5 air pollution, mean annual exposure (micrograms per cubic meter)",62
"School enrollment, primary, private (% of total primary)",62
Armed forces personnel (% of total labor force),61
"Hospital beds (per 1,000 people)",61
"Risk premium on lending (lending rate minus treasury bill rate, %)",61
"Stocks traded, total value (% of GDP)",61
Market capitalization of listed domestic companies (% of GDP),61
"School enrollment, secondary, male (% gross)",60
"Stocks traded, turnover ratio of domestic shares (%)",60
"School enrollment, secondary, female (% gross)",60
"Tertiary education, academic staff (% female)",60
"Immunization, HepB3 (% of one-year-old children)",58
"Adjusted net savings, excluding particulate emission damage (current US$)",58
"Children out of school, primary",58
"Adjusted net savings, excluding particulate emission damage (% of GNI)",58
"Portfolio equity, net inflows (BoP, current US$)",58
"Adjusted net savings, including particulate emission damage (current US$)",58
Children out of school (% of primary school age),58
"Adjusted net savings, including particulate emission damage (% of GNI)",58
Proportion of seats held by women in national parliaments (%),57
"Primary completion rate, total (% of relevant age group)",56
"Net bilateral aid flows from DAC donors, Spain (current US$)",56
"Preprimary education, duration (years)",56
Scientific and technical journal articles,54
"Government expenditure on education, total (% of GDP)",54
"Secondary education, teachers",54
"Secondary income, other sectors, payments (BoP, current US$)",53
"Railways, passengers carried (million passenger-km)",52
"International tourism, number of arrivals",52
"Railways, goods transported (million ton-km)",52
Transport services (% of commercial service imports),51
"Access to electricity, rural (% of rural population)",51
Military expenditure (% of general government expenditure),51
"Transport services (% of service exports, BoP)",51
"Computer, communications and other services (% of commercial service exports)",51
Travel services (% of commercial service exports),51
"Communications, computer, etc. (% of service imports, BoP)",51
"Transport services (% of service imports, BoP)",51
"Primary completion rate, male (% of relevant age group)",51
"Compulsory education, duration (years)",51
"Government expenditure on education, total (% of government expenditure)",51
Transport services (% of commercial service exports),51
Access to electricity (% of population),51
Travel services (% of commercial service imports),51
"Primary completion rate, female (% of relevant age group)",51
"Travel services (% of service exports, BoP)",51
"Access to electricity, urban (% of urban population)",51
"Computer, communications and other services (% of commercial service imports)",51
"Travel services (% of service imports, BoP)",51
"Communications, computer, etc. (% of service exports, BoP)",51
"Incidence of tuberculosis (per 100,000 people)",50
Antiretroviral therapy coverage for PMTCT (% of pregnant women living with HIV),50
"Tuberculosis case detection rate (%, all forms)",50
"Prevalence of stunting, height for age, female (modeled estimate, % of children under 5)",50
"Prevalence of overweight (modeled estimate, % of children under 5)",50
"Prevalence of stunting, height for age (modeled estimate, % of children under 5)",50
"Prevalence of overweight, male (modeled estimate, % of children under 5)",50
"Prevalence of overweight, female (modeled estimate, % of children under 5)",50
"Incidence of malaria (per 1,000 population at risk)",50
Asylum-seekers by country or territory of origin,50
Antiretroviral therapy coverage (% of people living with HIV),50
"Prevalence of stunting, height for age, male (modeled estimate, % of children under 5)",50
"People using at least basic sanitation services, urban (% of urban population)",50
"People using at least basic drinking water services, rural (% of rural population)",50
People using safely managed sanitation services (% of population),50
"People using at least basic drinking water services, urban (% of urban population)",50
People using at least basic sanitation services (% of population),50
"People practicing open defecation, urban (% of urban population)",50
People using safely managed drinking water services (% of population),50
People using at least basic drinking water services (% of population),50
"People using at least basic sanitation services, rural (% of rural population)",50
"Tariff rate, applied, weighted mean, all products (%)",49
"Tariff rate, applied, simple mean, all products (%)",49
"Tariff rate, most favored nation, weighted mean, primary products (%)",49
"School enrollment, secondary (gross), gender parity index (GPI)",49
"Tariff rate, applied, weighted mean, primary products (%)",49
"Tariff rate, applied, weighted mean, manufactured products (%)",49
"Tariff rate, most favored nation, simple mean, all products (%)",49
"Tariff rate, most favored nation, weighted mean, manufactured products (%)",49
"Tariff rate, applied, simple mean, manufactured products (%)",49
"Tariff rate, most favored nation, weighted mean, all products (%)",49
Rail lines (total route-km),49
"Tariff rate, most favored nation, simple mean, primary products (%)",49
"Tariff rate, most favored nation, simple mean, manufactured products (%)",49
"Tariff rate, applied, simple mean, primary products (%)",49
Domestic general government health expenditure (% of current health expenditure),48
"Gross intake ratio in first grade of primary education, total (% of relevant age group)",48
UHC service coverage sub-index on infectious diseases,48
Current health expenditure (% of GDP),48
Carbon dioxide (CO2) net fluxes from LULUCF - Total excluding non-tropical fires (Mt CO2e),48
Current health expenditure per capita (current US$),48
Out-of-pocket expenditure (% of current health expenditure),48
Out-of-pocket expenditure per capita (current US$),48
"Secondary education, vocational pupils",48
"Current health expenditure per capita, PPP (current international $)",48
Prevalence of anemia among non-pregnant women (% of women ages 15-49),48
"Out-of-pocket expenditure per capita, PPP (current international $)",48
Total greenhouse gas emissions including LULUCF (Mt CO2e),48
"Access to clean fuels and technologies for cooking, rural (% of rural population)",48
Trained teachers in primary education (% of total teachers),48
UHC service coverage sub-index on service capacity and access,48
Tuberculosis treatment success rate (% of new cases),48
"Domestic private health expenditure per capita, PPP (current international $)",48
Domestic general government health expenditure per capita (current US$),48
Domestic private health expenditure (% of current health expenditure),48
UHC service coverage index,48
"Personal remittances, received (current US$)",48
Access to clean fuels and technologies for cooking (% of population),48
"Access to clean fuels and technologies for cooking, urban (% of urban population)",48
Domestic general government health expenditure (% of GDP),48
UHC service coverage sub-index on non-communicable diseases,48
Investment in energy with private participation (current US$),48
Prevalence of anemia among pregnant women (%),48
Domestic private health expenditure per capita (current US$),48
"Domestic general government health expenditure per capita, PPP (current international $)",48
Prevalence of anemia among women of reproductive age (% of women ages 15-49),48
"Personal remittances, received (% of GDP)",48
Carbon dioxide (CO2) net fluxes from LULUCF - Other Land (Mt CO2e),48
Carbon dioxide (CO2) net fluxes from LULUCF - Forest Land (Mt CO2e),48
Domestic general government health expenditure (% of general government expenditure),48
"UHC service coverage sub-index on reproductive, maternal, newborn and child health",48
"Pupil-teacher ratio, secondary",47
"Insurance and financial services (% of service exports, BoP)",47
"Secondary education, teachers, female",47
Insurance and financial services (% of commercial service exports),47
Carbon dioxide (CO2) net fluxes from LULUCF - Deforestation (Mt CO2e),47
Fixed broadband subscriptions (per 100 people),47
Fixed broadband subscriptions,47
"PPG, IDA (DOD, current US$)",47
"Secondary education, teachers (% female)",47
"IBRD loans and IDA credits (DOD, current US$)",47
"Secondary education, pupils (% female)",46
Container port traffic (TEU: 20 foot equivalent units),46
Prevalence of undernourishment (% of population),46
"Nurses and midwives (per 1,000 people)",46
Real effective exchange rate index (2010 = 100),46
"Intentional homicides (per 100,000 people)",45
"Trained teachers in primary education, female (% of female teachers)",45
"Trained teachers in primary education, male (% of male teachers)",45
Carbon dioxide (CO2) net fluxes from LULUCF - Organic Soil (Mt CO2e),45
Public private partnerships investment in energy (current US$),45
"Net financial flows, IDA (NFL, current US$)",45
"Gross intake ratio in first grade of primary education, male (% of relevant age group)",45
"Gross intake ratio in first grade of primary education, female (% of relevant age group)",45
Adolescents out of school (% of lower secondary school age),45
"Suicide mortality rate (per 100,000 population)",44
"PPG, official creditors (NFL, US$)",44
"External debt stocks, long-term (DOD, current US$)",44
Short-term debt (% of total external debt),44
"International tourism, receipts (current US$)",44
"Mortality from CVD, cancer, diabetes or CRD between exact ages 30 and 70, male (%)",44
"Mortality from CVD, cancer, diabetes or CRD between exact ages 30 and 70 (%)",44
"Multilateral debt service (TDS, current US$)",44
Multilateral debt service (% of public and publicly guaranteed debt service),44
"Mortality rate attributed to unintentional poisoning, female (per 100,000 female population)",44
"External debt stocks, total (DOD, current US$)",44
"Mortality from CVD, cancer, diabetes or CRD between exact ages 30 and 70, female (%)",44
"External debt stocks, public and publicly guaranteed (PPG) (DOD, current US$)",44
"Net financial flows, others (NFL, current US$)",44
ICT goods exports (% of total goods exports),44
"Mortality rate attributed to unintentional poisoning (per 100,000 population)",44
"Secondary education, vocational pupils (% female)",44
"Debt service on external debt, total (TDS, current US$)",44
Energy intensity level of primary energy (MJ/$2017 PPP GDP),44
"Debt service on external debt, public and publicly guaranteed (PPG) (TDS, current US$)",44
"Mortality rate attributed to unintentional poisoning, male (per 100,000 male population)",44
"External debt stocks, short-term (DOD, current US$)",44
"Net financial flows, multilateral (NFL, current US$)",44
ICT goods imports (% total goods imports),44
"International tourism, receipts (% of total exports)",44
"Suicide mortality rate, female (per 100,000 female population)",44
"Suicide mortality rate, male (per 100,000 male population)",44
S&P Global Equity Indices (annual % change),43
"Over-age students, primary (% of enrollment)",43
Statistical performance indicators (SPI): Pillar 1 data use score (scale 0-100),42
"Share of youth not in education, employment or training, male (% of male youth population) (modeled ILO estimate)",42
"Total alcohol consumption per capita, female (liters of pure alcohol, projected estimates, female 15+ years of age)",42
"Total alcohol consumption per capita, male (liters of pure alcohol, projected estimates, male 15+ years of age)",42
Low-birthweight babies (% of births),42
People practicing open defecation (% of population),42
"Labor force participation rate for ages 15-24, total (%) (national estimate)",42
"International tourism, expenditures (current US$)",42
"People practicing open defecation, rural (% of rural population)",42
"Total alcohol consumption per capita (liters of pure alcohol, projected estimates, 15+ years of age)",42
"Share of youth not in education, employment or training, female (% of female youth population) (modeled ILO estimate)",42
"School enrollment, primary and secondary (gross), gender parity index (GPI)",42
"Labor force participation rate for ages 15-24, male (%) (national estimate)",42
"Labor force participation rate for ages 15-24, female (%) (national estimate)",42
"Lower secondary completion rate, total (% of relevant age group)",42
"Share of youth not in education, employment or training, total (% of youth population) (modeled ILO estimate)",42
"International tourism, expenditures (% of total imports)",42
"School enrollment, primary (% net)",41
GNI per capita (constant 2015 US$),40
"Adolescents out of school, male (% of male lower secondary school age)",40
GNI (constant 2015 US$),40
GNI per capita (constant LCU),40
Statistical performance indicators (SPI): Pillar 3 data products score  (scale 0-100),40
"Mortality caused by road traffic injury (per 100,000 population)",40
"GNI per capita, PPP (constant 2021 international $)",40
Prevalence of anemia among children (% of children ages 6-59 months),40
"GNI, PPP (constant 2021 international $)",40
"Adolescents out of school, female (% of female lower secondary school age)",40
GNI (constant LCU),40
"Use of IMF credit (DOD, current US$)",39
"Net bilateral aid flows from DAC donors, Ireland (current US$)",39
"Prevalence of underweight, weight for age (% of children under 5)",39
Expenditure on primary education (% of government expenditure on education),39
"IMF repurchases and charges (TDS, current US$)",39
"Automated teller machines (ATMs) (per 100,000 adults)",39
GNI per capita growth (annual %),38
"Adjusted net enrollment rate, primary (% of primary school age children)",38
"Binding coverage, all products (%)",38
External health expenditure (% of current health expenditure),38
"Binding coverage, primary products (%)",38
"External health expenditure per capita, PPP (current international $)",38
External health expenditure per capita (current US$),38
"Binding coverage, manufactured products (%)",38
Expenditure on secondary education (% of government expenditure on education),37
"Unemployment, youth male (% of male labor force ages 15-24) (national estimate)",37
"Unemployment, youth female (% of female labor force ages 15-24) (national estimate)",37
"Bound rate, simple mean, primary products (%)",37
"Bound rate, simple mean, manufactured products (%)",37
"Bound rate, simple mean, all products (%)",37
"Unemployment, youth total (% of total labor force ages 15-24) (national estimate)",37
Total debt service (% of GNI),36
External debt stocks (% of GNI),36
Expenditure on tertiary education (% of government expenditure on education),36
"Net official flows from UN agencies, IAEA (current US$)",36
"Commercial bank branches (per 100,000 adults)",36
Public and publicly guaranteed debt service (% of GNI),36
"Lower secondary completion rate, male (% of relevant age group)",36
"PPG, private creditors (NFL, US$)",36
"Net official flows from UN agencies, WFP (current US$)",36
"Net financial flows, bilateral (NFL, current US$)",36
"Lower secondary completion rate, female (% of relevant age group)",36
Investment in transport with private participation (current US$),36
"Industrial design applications, resident, by count",35
"Net bilateral aid flows from DAC donors, Luxembourg (current US$)",35
"Industrial design applications, nonresident, by count",35
"Gross fixed capital formation, private sector (current LCU)",35
"Gross fixed capital formation, private sector (% of GDP)",35
Public private partnerships investment in transport (current US$),34
"Net bilateral aid flows from DAC donors, Portugal (current US$)",34
Bank capital to assets ratio (%),34
Bank nonperforming loans to total gross loans (%),34
"Employment to population ratio, ages 15-24, female (%) (national estimate)",33
"Employment to population ratio, ages 15-24, total (%) (national estimate)",33
"Employment to population ratio, ages 15-24, male (%) (national estimate)",33
"Prevalence of stunting, height for age (% of children under 5)",33
"Persistence to grade 5, total (% of cohort)",32
"Children out of school, male (% of male primary school age)",32
"Share of youth not in education, employment or training, male (% of male youth population)",32
High-technology exports (% of manufactured exports),32
"Net bilateral aid flows from DAC donors, Hungary (current US$)",32
"Children out of school, female (% of female primary school age)",32
"Children out of school, primary, male",32
"Share of youth not in education, employment or training, total (% of youth population)",32
Liner shipping connectivity index (maximum value in 2004 = 100),32
"PPG, commercial banks (NFL, current US$)",32
"Prevalence of wasting, weight for height (% of children under 5)",32
"Net financial flows, RDB concessional (NFL, current US$)",32
High-technology exports (current US$),32
"Share of youth not in education, employment or training, female (% of female youth population)",32
"Children out of school, primary, female",32
"Commercial banks and other lending (PPG + PNG) (NFL, current US$)",32
"Unemployment with intermediate education, female (% of female labor force with intermediate education)",31
"Internally displaced persons, new displacement associated with disasters (number of cases)",31
"Unemployment with basic education, female (% of female labor force with basic education)",31
Unemployment with intermediate education (% of total labor force with intermediate education),31
"Unemployment with basic education, male (% of male labor force with basic education)",31
"Unemployment with advanced education, male (% of male labor force with advanced education)",31
"Net official flows from UN agencies, IFAD (current US$)",31
Unemployment with basic education (% of total labor force with basic education),31
Unemployment with advanced education (% of total labor force with advanced education),31
"Contraceptive prevalence, any modern method (% of married women ages 15-49)",31
"Unemployment with intermediate education, male (% of male labor force with intermediate education)",31
Primary government expenditures as a proportion of original approved budget (%),31
Labor force with advanced education (% of total working-age population with advanced education),30
Short-term debt (% of total reserves),30
"Contraceptive prevalence, any method (% of married women ages 15-49)",30
"Labor force with basic education, female (% of female working-age population with basic education)",30
Births attended by skilled health staff (% of total),30
Labor force with intermediate education (% of total working-age population with intermediate education),30
Secure Internet servers (per 1 million people),30
"Labor force with basic education, male (% of male working-age population with basic education)",30
Labor force with basic education (% of total working-age population with basic education),30
"Trademark applications, nonresident, by count",30
Total reserves (% of total external debt),30
Forcibly displaced people,30
"Unemployment with advanced education, female (% of female labor force with advanced education)",30
Secure Internet servers,30
"Labor force with intermediate education, female (% of female working-age population with intermediate education)",30
"Labor force with advanced education, male (% of male working-age population with advanced education)",30
"Trademark applications, resident, by count",30
"Labor force with intermediate education, male (% of male working-age population with intermediate education)",30
"Labor force with advanced education, female (% of female working-age population with advanced education)",30
Other taxes (% of revenue),29
"Central government debt, total (% of GDP)",29
Taxes on goods and services (% of revenue),29
Interest payments (current LCU),29
Goods and services expense (current LCU),29
"Taxes on income, profits and capital gains (current LCU)",29
"Persistence to last grade of primary, total (% of cohort)",29
Customs and other import duties (% of tax revenue),29
"Public and publicly guaranteed debt service (% of exports of goods, services and primary income)",29
"Revenue, excluding grants (% of GDP)",29
Other taxes (current LCU),29
"Short-term debt (% of exports of goods, services and primary income)",29
"Central government debt, total (current LCU)",29
Taxes on exports (current LCU),29
"Revenue, excluding grants (current LCU)",29
New businesses registered (number),29
Net lending (+) / net borrowing (-) (% of GDP),29
"PPG, other private creditors (NFL, current US$)",29
"Charges for the use of intellectual property, payments (BoP, current US$)",29
"Taxes on income, profits and capital gains (% of revenue)",29
Customs and other import duties (current LCU),29
"Taxes on income, profits and capital gains (% of total taxes)",29
Net investment in nonfinancial assets (% of GDP),29
Net lending (+) / net borrowing (-) (current LCU),29
"New business density (new registrations per 1,000 people ages 15-64)",29
Interest payments (% of revenue),29
"Prevalence of overweight, weight for height (% of children under 5)",29
Net investment in nonfinancial assets (current LCU),29
Other expense (current LCU),29
Grants and other revenue (current LCU),29
Taxes on international trade (current LCU),29
Taxes on goods and services (current LCU),29
Taxes on international trade (% of revenue),29
Compensation of employees (current LCU),29
"Total debt service (% of exports of goods, services and primary income)",29
Taxes on goods and services (% value added of industry and services),29
Tax revenue (% of GDP),29
Grants and other revenue (% of revenue),29
Taxes on exports (% of tax revenue),29
Subsidies and other transfers (current LCU),29
Tax revenue (current LCU),29
"Part time employment, total (% of total employment)",28
"Debt service (PPG and IMF only, % of exports of goods, services and primary income)",28
Subsidies and other transfers (% of expense),28
"Net bilateral aid flows from DAC donors, Czechia (current US$)",28
"Part time employment, male (% of total male employment)",28
"Persistence to grade 5, female (% of cohort)",28
Expense (current LCU),28
"Net financial flows, RDB nonconcessional (NFL, current US$)",28
Expense (% of GDP),28
Net ODA received (% of central government expense),28
Goods and services expense (% of expense),28
Compensation of employees (% of expense),28
Other expense (% of expense),28
"Part time employment, female (% of total female employment)",28
Interest payments (% of expense),28
"Persistence to grade 5, male (% of cohort)",28
"Pupil-teacher ratio, lower secondary",28
Poverty headcount ratio at $6.85 a day (2017 PPP) (% of population),27
Poverty headcount ratio at $2.15 a day (2017 PPP) (% of population),27
Income share held by highest 10%,27
Prosperity gap (average shortfall from a prosperity standard of $25/day),27
Taxes less subsidies on products (constant LCU),27
Poverty gap at $2.15 a day (2017 PPP) (%),27
"Portfolio investment, bonds (PPG + PNG) (NFL, current US$)",27
Poverty headcount ratio at societal poverty line (% of population),27
Poverty headcount ratio at $4.20 a day (2021 PPP) (% of population),27
Income share held by third 20%,27
Income share held by lowest 20%,27
Income share held by lowest 10%,27
Poverty gap at $4.20 a day (2021 PPP) (%),27
"Net bilateral aid flows from DAC donors, Poland (current US$)",27
Poverty gap at $6.85 a day (2017 PPP) (%),27
"Net official flows from UN agencies, UNAIDS (current US$)",27
"PPG, bonds (NFL, current US$)",27
Gini index,27
Income share held by second 20%,27
Income share held by highest 20%,27
Proportion of people living below 50 percent of median income (%),27
Income share held by fourth 20%,27
Terrestrial and marine protected areas (% of total territorial area),26
"International tourism, receipts for passenger transport items (current US$)",26
Marine protected areas (% of territorial waters),26
"International tourism, expenditures for travel items (current US$)",26
"Current education expenditure, tertiary (% of total expenditure in tertiary public institutions)",26
"Net official flows from UN agencies, WHO (current US$)",26
"Charges for the use of intellectual property, receipts (BoP, current US$)",26
"Persistence to last grade of primary, female (% of cohort)",26
"Current education expenditure, secondary (% of total expenditure in secondary public institutions)",26
Progression to secondary school (%),26
"ICT service exports (BoP, current US$)",26
"Persistence to last grade of primary, male (% of cohort)",26
Terrestrial protected areas (% of total land area),26
"Current education expenditure, primary (% of total expenditure in primary public institutions)",26
"International tourism, receipts for travel items (current US$)",26
"Over-age students, primary, male (% of male enrollment)",26
"International tourism, expenditures for passenger transport items (current US$)",26
"Insurance and financial services (% of service imports, BoP)",26
"ICT service exports (% of service exports, BoP)",26
Insurance and financial services (% of commercial service imports),26
"Current education expenditure, total (% of total expenditure in public institutions)",26
"Over-age students, primary, female (% of female enrollment)",26
"Net financial flows, IMF nonconcessional (NFL, current US$)",25
"People using safely managed sanitation services, rural (% of rural population)",25
"People using safely managed sanitation services, urban (% of urban population)",25
"Educational attainment, at least completed upper secondary, population 25+, male (%) (cumulative)",25
"People using safely managed drinking water services, urban (% of urban population)",25
Research and development expenditure (% of GDP),25
External balance on goods and services (constant LCU),25
"Educational attainment, at least completed upper secondary, population 25+, female (%) (cumulative)",25
Gross value added at basic prices (GVA) (constant 2015 US$),25
"Educational attainment, at least completed upper secondary, population 25+, total (%) (cumulative)",25
"Repeaters, primary, total (% of total enrollment)",25
"Educational attainment, at least completed primary, population 25+ years, total (%) (cumulative)",25
"People using safely managed drinking water services, rural (% of rural population)",25
Gross value added at basic prices (GVA) (constant LCU),25
Discrepancy in expenditure estimate of GDP (constant LCU),25
Asylum-seekers by country or territory of asylum,25
"Educational attainment, at least completed primary, population 25+ years, male (%) (cumulative)",25
Researchers in R&D (per million people),24
"PM2.5 pollution, population exposed to levels exceeding WHO Interim Target-1 value (% of total)",24
"Net official flows from UN agencies, ILO (current US$)",24
"PM2.5 air pollution, population exposed to levels exceeding WHO guideline value (% of total)",24
"PM2.5 pollution, population exposed to levels exceeding WHO Interim Target-3 value (% of total)",24
Bank liquid reserves to bank assets ratio (%),24
"School enrollment, secondary (% net)",24
Trained teachers in lower secondary education (% of total teachers),24
"School enrollment, secondary, private (% of total secondary)",24
Trained teachers in preprimary education (% of total teachers),24
"Educational attainment, at least completed primary, population 25+ years, female (%) (cumulative)",24
"PM2.5 pollution, population exposed to levels exceeding WHO Interim Target-2 value (% of total)",24
"Government expenditure per student, primary (% of GDP per capita)",23
"Net incurrence of liabilities, total (current LCU)",23
Net acquisition of financial assets (% of GDP),23
"Prevalence of severe wasting, weight for height (% of children under 5)",23
"School enrollment, secondary, female (% net)",23
Net acquisition of financial assets (current LCU),23
Claims on other sectors of the domestic economy (annual growth as % of broad money),23
"Net incurrence of liabilities, total (% of GDP)",23
"School enrollment, secondary, male (% net)",23
"Educational attainment, at least completed short-cycle tertiary, population 25+, total (%) (cumulative)",22
"Repeaters, primary, female (% of female enrollment)",22
"Progression to secondary school, female (%)",22
"Repeaters, primary, male (% of male enrollment)",22
"Educational attainment, at least completed short-cycle tertiary, population 25+, female (%) (cumulative)",22
"Progression to secondary school, male (%)",22
"Educational attainment, at least completed short-cycle tertiary, population 25+, male (%) (cumulative)",22
"Government expenditure per student, tertiary (% of GDP per capita)",21
"Trained teachers in lower secondary education, female (% of female teachers)",21
"Trained teachers in lower secondary education, male (% of male teachers)",21
"People with basic handwashing facilities including soap and water, rural (% of rural population)",20
Statistical performance indicators (SPI): Pillar 4 data sources score (scale 0-100),20
People with basic handwashing facilities including soap and water (% of population),20
"School enrollment, primary, female (% net)",20
"School enrollment, primary, male (% net)",20
"People with basic handwashing facilities including soap and water, urban (% of urban population)",20
"Trained teachers in preprimary education, female (% of female teachers)",20
"Literacy rate, youth female (% of females ages 15-24)",19
"Adjusted net enrollment rate, primary, female (% of primary school age children)",19
Poverty headcount ratio at national poverty lines (% of population),19
"Net bilateral aid flows from DAC donors, Greece (current US$)",19
"Net capital account (BoP, current US$)",19
"Adjusted net enrollment rate, primary, male (% of primary school age children)",19
"Trained teachers in secondary education, female (% of female teachers)",18
Statistical performance indicators (SPI): Overall score (scale 0-100),18
Financial intermediary services indirectly Measured (FISIM) (current LCU),18
Technicians in R&D (per million people),18
Trained teachers in secondary education (% of total teachers),18
Statistical performance indicators (SPI): Pillar 5 data infrastructure score (scale 0-100),18
"Individuals using the Internet, male (% of male population)",18
Statistical performance indicators (SPI): Pillar 2 data services score (scale 0-100),18
"Trained teachers in secondary education, male (% of male teachers)",18
"Individuals using the Internet, female (% of female population)",18
"Prevalence of stunting, height for age, male (% of children under 5)",17
"Prevalence of stunting, height for age, female (% of children under 5)",17
"Trained teachers in preprimary education, male (% of male teachers)",17
Female share of employment in senior and middle management (%),17
"External debt stocks, private nonguaranteed (PNG) (DOD, current US$)",17
"Educational attainment, at least completed lower secondary, population 25+, male (%) (cumulative)",17
"Literacy rate, youth total (% of people ages 15-24)",17
"Prevalence of wasting, weight for height, female (% of children under 5)",17
"Educational attainment, at least completed lower secondary, population 25+, total (%) (cumulative)",17
"Government expenditure per student, secondary (% of GDP per capita)",17
"Prevalence of wasting, weight for height, male (% of children under 5)",17
"Prevalence of underweight, weight for age, male (% of children under 5)",17
"Literacy rate, youth (ages 15-24), gender parity index (GPI)",17
"Literacy rate, youth male (% of males ages 15-24)",17
"Prevalence of underweight, weight for age, female (% of children under 5)",17
"Educational attainment, at least completed lower secondary, population 25+, female (%) (cumulative)",17
Risk of impoverishing expenditure for surgical care (% of people at risk),16
"Net flows on external debt, private nonguaranteed (PNG) (NFL, current US$)",16
"Educational attainment, at least completed post-secondary, population 25+, female (%) (cumulative)",16
International migrant stock (% of population),16
Average transaction cost of sending remittances to a specific country (%),16
Prevalence of current tobacco use (% of adults),16
Investment in water and sanitation with private participation (current US$),16
"Prevalence of overweight, weight for height, female (% of children under 5)",16
"Prevalence of severe wasting, weight for height, female (% of children under 5)",16
"Prevalence of current tobacco use, females (% of female adults)",16
"Literacy rate, adult female (% of females ages 15 and above)",16
"International migrant stock, total",16
"Prevalence of current tobacco use, males (% of male adults)",16
Prevalence of moderate or severe food insecurity in the population (%),16
"Literacy rate, adult male (% of males ages 15 and above)",16
"Literacy rate, adult total (% of people ages 15 and above)",16
"Prevalence of overweight, weight for height, male (% of children under 5)",16
"PNG, commercial banks and other creditors (NFL, current US$)",16
"Prevalence of severe wasting, weight for height, male (% of children under 5)",16
Prevalence of severe food insecurity in the population (%),16
Risk of catastrophic expenditure for surgical care (% of people at risk),16
"Net bilateral aid flows from DAC donors, Lithuania (current US$)",15
"PPG, IBRD (DOD, current US$)",15
Wholesale price index (2010 = 100),15
Public private partnerships investment in water and sanitation (current US$),15
"Educational attainment, at least completed post-secondary, population 25+, total (%) (cumulative)",15
Logistics performance index: Quality of trade and transport-related infrastructure (1=low to 5=high),14
Logistics performance index: Ability to track and trace consignments (1=low to 5=high),14
Logistics performance index: Efficiency of customs clearance process (1=low to 5=high),14
Logistics performance index: Competence and quality of logistics services (1=low to 5=high),14
Logistics performance index: Overall (1=low to 5=high),14
Diarrhea treatment (% of children under 5 who received ORS packet),14
Logistics performance index: Frequency with which shipments reach consignee within scheduled or expected time (1=low to 5=high),14
Logistics performance index: Ease of arranging competitively priced shipments (1=low to 5=high),14
Pregnant women receiving prenatal care (%),14
"Net bilateral aid flows from DAC donors, Slovak Republic (current US$)",13
"Educational attainment, at least completed post-secondary, population 25+, male (%) (cumulative)",13
Arms exports (SIPRI trend indicator values),13
Proportion of population facing financial hardship due to out-of-pocket health expenditure (%),13
"Proportion of population facing impoverishing out-of-pocket health expenditure, based on the societal poverty line (%)",13
Proportion of population facing large (but non-impoverishing) out-of-pocket health expenditure (%),13
Population living in slums (% of urban population),13
"Proportion of population further impoverished due to out-of-pocket health expenditure, based on the societal poverty line (%)",12
"Cause of death, by non-communicable diseases (% of total)",12
"Lead time to export, median case (days)",12
"Cause of death, by other COVID-19 pandemic-related outcomes (% of total)",12
"Cause of death, by communicable diseases and maternal, prenatal and nutrition conditions (% of total)",12
Proportion of population pushed into poverty (based on the societal poverty line) due to out-of-pocket health expenditure (%),12
"Lead time to import, median case (days)",12
"Cause of death, by injury (% of total)",12
CPIA debt policy rating (1=low to 6=high),11
CPIA policies for social inclusion/equity cluster average (1=low to 6=high),11
CPIA macroeconomic management rating (1=low to 6=high),11
Multidimensional poverty headcount ratio (World Bank) (% of population),11
CPIA trade rating (1=low to 6=high),11
"Borrowers from commercial banks (per 1,000 adults)",11
IDA resource allocation index (1=low to 6=high),11
CPIA quality of public administration rating (1=low to 6=high),11
CPIA fiscal policy rating (1=low to 6=high),11
CPIA property rights and rule-based governance rating (1=low to 6=high),11
Agricultural irrigated land (% of total agricultural land),11
"CPIA transparency, accountability, and corruption in the public sector rating (1=low to 6=high)",11
CPIA social protection rating (1=low to 6=high),11
CPIA business regulatory environment rating (1=low to 6=high),11
CPIA efficiency of revenue mobilization rating (1=low to 6=high),11
CPIA public sector management and institutions cluster average (1=low to 6=high),11
"Net official flows from UN agencies, FAO (current US$)",11
CPIA quality of budgetary and financial management rating (1=low to 6=high),11
CPIA policy and institutions for environmental sustainability rating (1=low to 6=high),11
CPIA equity of public resource use rating (1=low to 6=high),11
CPIA structural policies cluster average (1=low to 6=high),11
CPIA gender equality rating (1=low to 6=high),11
"Depositors with commercial banks (per 1,000 adults)",11
CPIA financial sector rating (1=low to 6=high),11
CPIA economic management cluster average (1=low to 6=high),11
CPIA building human resources rating (1=low to 6=high),11
Coverage of social safety net programs in 2nd quintile (% of population),10
Coverage of social insurance programs in 2nd quintile (% of population),10
Coverage of social insurance programs in richest quintile (% of population),10
"Educational attainment, at least Bachelor's or equivalent, population 25+, male (%) (cumulative)",10
"Account ownership at a financial institution or with a mobile-money-service provider, richest 60% (% of population ages 15+)",10
Coverage of social safety net programs in 3rd quintile (% of population),10
Coverage of social safety net programs (% of population),10
Benefit incidence of social insurance programs to poorest quintile (% of total social insurance benefits),10
Benefit incidence of social protection and labor programs to poorest quintile (% of total SPL benefits),10
Coverage of social safety net programs in 4th quintile (% of population),10
"Account ownership at a financial institution or with a mobile-money-service provider, female (% of population ages 15+)",10
"Educational attainment, at least Bachelor's or equivalent, population 25+, female (%) (cumulative)",10
Coverage of social insurance programs in 4th quintile (% of population),10
Coverage of social safety net programs in poorest quintile (% of population),10
Adequacy of social safety net programs (% of total welfare of beneficiary households),10
Coverage of social insurance programs (% of population),10
"Educational attainment, at least Bachelor's or equivalent, population 25+, total (%) (cumulative)",10
"Account ownership at a financial institution or with a mobile-money-service provider, secondary education or more (% of population ages 15+)",10
Adequacy of social insurance programs (% of total welfare of beneficiary households),10
"Account ownership at a financial institution or with a mobile-money-service provider, older adults (% of population ages 25+)",10
Adequacy of social protection and labor programs (% of total welfare of beneficiary households),10
Account ownership at a financial institution or with a mobile-money-service provider (% of population ages 15+),10
"Account ownership at a financial institution or with a mobile-money-service provider, poorest 40% (% of population ages 15+)",10
Benefit incidence of social safety net programs to poorest quintile (% of total safety net benefits),10
"Account ownership at a financial institution or with a mobile-money-service provider, male (% of population ages 15+)",10
Coverage of social protection and labor programs (% of population),10
"International tourism, number of departures",10
Coverage of social safety net programs in richest quintile (% of population),10
"Account ownership at a financial institution or with a mobile-money-service provider, primary education or less (% of population ages 15+)",10
Coverage of social insurance programs in 3rd quintile (% of population),10
Coverage of social insurance programs in poorest quintile (% of population),10
"Account ownership at a financial institution or with a mobile-money-service provider, young adults (% of population ages 15-24)",10
"PNG, bonds (NFL, current US$)",9
Average transaction cost of sending remittances from a specific country (%),8
"Human capital index plus (HCI+): health pillar score, total (scale 0–50)",8
"Human capital index plus (HCI+): on-the-job learning pillar score, female (scale -30–87)",8
"Educational attainment, Doctoral or equivalent, population 25+, female (%) (cumulative)",8
"Human capital index plus (HCI+): health pillar score, female (scale 0–50)",8
"Educational attainment, at least Master's or equivalent, population 25+, female (%) (cumulative)",8
"Human capital index plus (HCI+): health pillar score, male (scale 0–50)",8
"Educational attainment, Doctoral or equivalent, population 25+, male (%) (cumulative)",8
"Human capital index plus (HCI+): on-the-job learning pillar score, total (scale -30–87)",8
"Human capital index plus (HCI+): on-the-job learning pillar score, male (scale -30–87)",8
"Educational attainment, at least Master's or equivalent, population 25+, male (%) (cumulative)",8
"Educational attainment, at least Master's or equivalent, population 25+, total (%) (cumulative)",8
"Educational attainment, Doctoral or equivalent, population 25+, total (%) (cumulative)",8
Exclusive breastfeeding (% of children under 6 months),8
"Pupil-teacher ratio, upper secondary",7
Time spent dealing with the requirements of government regulations (% of senior management time),7
Time to obtain an electrical connection (days),7
Firms with female participation in ownership (% of firms),7
"Human capital index plus (HCI+): overall score, female (scale 0–325)",7
Firms with female top manager (% of firms),7
Time required to obtain an operating license (days),7
Firms using banks to finance working capital (% of firms),7
"Human capital index plus (HCI+): overall score, total (scale 0–325)",7
Firms offering formal training (% of firms),7
"Human capital index plus (HCI+): overall score, male (scale 0–325)",7
"Human capital index plus (HCI+): education pillar score, male (scale 0–188)",7
Firms formally registered when operations started (% of firms),7
Average time to clear imports through customs (days),7
Firms using banks to finance investment (% of firms),7
"Human capital index plus (HCI+): education pillar score, total (scale 0–188)",7
Investment in ICT with private participation (current US$),7
Average time to clear exports through customs (days),7
ARI treatment (% of children under 5 taken to a health provider),7
"Human capital index plus (HCI+): education pillar score, female (scale 0–188)",7
Rural population living in areas where elevation is below 5 meters (% of total population),6
"Net bilateral aid flows from DAC donors, Iceland (current US$)",6
Coverage of unemployment benefits and ALMP in 4th quintile (% of population),6
Urban population living in areas where elevation is below 5 meters (% of total population),6
Unmet need for contraception (% of married women ages 15-49),6
Land area where elevation is below 5 meters (% of total land area),6
Urban land area (sq. km),6
Coverage of unemployment benefits and ALMP in 3rd quintile (% of population),6
Rural land area where elevation is below 5 meters (% of total land area),6
Coverage of unemployment benefits and ALMP in 2nd quintile (% of population),6
Firms visited or required meetings with tax officials (% of firms),6
Firms competing against unregistered firms (% of firms),6
"Net official flows from UN agencies, SPRP (current US$)",6
Number of visits or required meetings with tax officials (average for affected firms),6
Value lost due to electrical outages (% of sales for affected firms),6
Coverage of unemployment benefits and ALMP in richest quintile (% of population),6
Firms with at least 10% foreign ownership,6
Rural land area (sq. km),6
Firms with a bank loan/line of credit (% of firms),6
Firms experiencing electrical outages (% of firms),6
Coverage of unemployment benefits and ALMP (% of population),6
Coverage of unemployment benefits and ALMP in poorest quintile (% of population),6
Bribery incidence (% of firms experiencing at least one bribe payment request),6
Informal payments to public officials (% of firms),6
Urban land area where elevation is below 5 meters (sq. km),6
Firms exporting directly at least 10% of sales (% of firms),6
Rural land area where elevation is below 5 meters (sq. km),6
Urban land area where elevation is below 5 meters (% of total land area),6
Population living in areas where elevation is below 5 meters (% of total population),6
Firms expected to give gifts in meetings with tax officials (% of firms),6
Firms that are fully credit constrained (% of firms),5
Completeness of death registration with cause-of-death information (%),5
Firms that are partially credit constrained (% of firms),5
"Firms that introduced a new product/service and process, and spent on R&D",5
Diarrhea treatment (% of children under 5 receiving oral rehydration and continued feeding),5
"Survey mean consumption or income per capita, total population (2017 PPP $ per day)",4
Net intake rate in grade 1 (% of official school-age population),4
Women who were first married by age 15 (% of women ages 20-24),4
"Bird species, threatened",4
"Net intake rate in grade 1, male (% of official school-age population)",4
"Completeness of birth registration, urban (%)",4
Completeness of birth registration (%),4
"Completeness of birth registration, rural (%)",4
"Net intake rate in grade 1, female (% of official school-age population)",4
"Net bilateral aid flows from DAC donors, Slovenia (current US$)",4
"Fish species, threatened",4
"Survey mean consumption or income per capita, bottom 40% of population (2017 PPP $ per day)",4
"Mammal species, threatened",4
Women who were first married by age 18 (% of women ages 20-24),4
"Plant species (higher), threatened",4
Public private partnerships investment in ICT (current US$),4
Diabetes prevalence (% of population ages 20 to 79),4
Use of insecticide-treated bed nets (% of under-5 population),4
Consumption of iodized salt (% of households),3
"Children in employment, total (% of children ages 7-14)",3
Management practices index,3
"Net official flows from UN agencies, SDGFUND (current US$)",3
"Children in employment, male (% of male children ages 7-14)",3
"Net official flows from UN agencies, UNWOMEN (current US$)",3
Firms where largest owner is also the top manager (% of firms),3
"Children in employment, female (% of female children ages 7-14)",3
"Children in employment, work only (% of children in employment, ages 7-14)",3
Female headed households (% of households with a female head),3
"Children in employment, study and work (% of children in employment, ages 7-14)",3
"Net official flows from UN agencies, UNIDO (current US$)",3
Children with fever receiving antimalarial drugs (% of children under age 5 with fever),3
Learning poverty: Share of Children at the End-of-Primary age below minimum reading proficiency adjusted by Out-of-School Children (%),2
Firms filling taxes electronically (% of firms),2
"Children in employment, unpaid family workers, male (% of male children in employment, ages 7-14)",2
"Children in employment, wage workers (% of children in employment, ages 7-14)",2
"Net official flows from UN agencies, CERF (current US$)",2
"Completeness of birth registration, female (%)",2
Learning poverty: Share of Female Children at the End-of-Primary age below minimum reading proficiency adjusted by Out-of-School Children (%),2
Pupils below minimum reading proficiency at end of primary (%). Low GAML threshold,2
Learning poverty: Share of Male Children at the End-of-Primary age below minimum reading proficiency adjusted by Out-of-School Children (%),2
"Children in employment, unpaid family workers, female (% of female children in employment, ages 7-14)",2
Male pupils below minimum reading proficiency at end of primary (%). Low GAML threshold,2
"Annualized average growth rate in per capita real survey mean consumption or income, bottom 40% of population (%)",2
"Children in employment, unpaid family workers (% of children in employment, ages 7-14)",2
"Completeness of birth registration, male (%)",2
Primary school age children out-of-school (%),2
"Mortality rate attributed to unsafe water, unsafe sanitation and lack of hygiene (per 100,000 population)",2
WBL: Legal Framework Index (scale 0-100),2
"Mortality rate attributed to household and ambient air pollution, age-standardized, male (per 100,000 male population)",2
"Specialist surgical workforce (per 100,000 population)",2
Female primary school age children out-of-school (%),2
Firms that use a third party to resolve commercial disputes (% of firms),2
WBL: Enforcement Perceptions Index (scale 0-100),2
Firms monitoring own CO2 emissions (% of firms),2
Male primary school age children out-of-school (%),2
WBL: Supportive Framework Index (scale 0-100),2
Trained teachers in upper secondary education (% of total teachers),2
"Net official flows from UN agencies, WTO-ITC (current US$)",2
Wanted fertility rate (births per woman),2
Female pupils below minimum reading proficiency at end of primary (%). Low GAML threshold,2
Firms adopting energy management measures to reduce emissions (% of firms),2
"Trained teachers in upper secondary education, female (% of female teachers)",2
"Children in employment, wage workers, female (% of female children in employment, ages 7-14)",2
"Children in employment, wage workers, male (% of male children in employment, ages 7-14)",2
Teenage mothers (% of women ages 15-19 who have had children or are currently pregnant),2
"Trained teachers in upper secondary education, male (% of male teachers)",2
"Droughts, floods, extreme temperatures (% of population, average 1990-2009)",2
Battle-related deaths (number of people),2
"Annualized average growth rate in per capita real survey mean consumption or income, total population (%)",2
Demand for family planning satisfied by modern methods (% of married women with demand for family planning),2
"Mortality rate attributed to household and ambient air pollution, age-standardized (per 100,000 population)",2
"Maternal mortality ratio (national estimate, per 100,000 live births)",2
"Mortality rate attributed to household and ambient air pollution, age-standardized, female (per 100,000 female population)",2
"Average working hours of children, working only, female, ages 7-14 (hours per week)",1
B-READY: International Trade: Overall Score,1
"Children in employment, work only, female (% of female children in employment, ages 7-14)",1
B-READY: Market Competition Pillar 2: Public Services that Promote Market Competition,1
B-READY: Business Insolvency Pillar 3: Operational Efficiency of Resolving Judicial Insolvency Proceedings,1
"Net bilateral aid flows from DAC donors, Estonia (current US$)",1
B-READY: Utility Services Pillar 2: Quality of Governance and Transparency of Utility Services,1
"Condom use, population ages 15-24, female (% of females ages 15-24)",1
"Community health workers (per 1,000 people)",1
Present value of external debt (% of GNI),1
B-READY: Business Entry Pillar 3: Operational Efficiency of Business Entry,1
B-READY: Labor: Overall Score,1
B-READY: Business Insolvency: Overall Score,1
"Child employment in agriculture, female (% of female economically active children ages 7-14)",1
"Child employment in manufacturing, male (% of male economically active children ages 7-14)",1
"Proportion of time spent on unpaid domestic and care work, male (% of 24 hour day)",1
"Present value of external debt (% of exports of goods, services and primary income)",1
"Proportion of time spent on unpaid domestic and care work, female (% of 24 hour day)",1
B-READY: Business Location Pillar 3: Operational Efficiency of Establishing a Business Location,1
"Average working hours of children, working only, ages 7-14 (hours per week)",1
B-READY: Labor Pillar 3: Operational Efficiency of Labor Regulations and Public Services in Practice,1
Proportion of women subjected to physical and/or sexual violence in the last 12 months (% of ever-partnered women ages 15-49),1
"Average working hours of children, study and work, male, ages 7-14 (hours per week)",1
B-READY: Business Entry Pillar 2: Digital Public Services and Transparency of Information for Business Entry,1
B-READY: International Trade Pillar 1: Quality of Regulations for International Trade,1
B-READY: Market Competition Pillar 3:  Implementation of Key Services Promoting Market Competition,1
"Children in employment, self-employed, female (% of female children in employment, ages 7-14)",1
B-READY: Pillar 3: Operational Efficiency,1
B-READY: Financial Services: Overall Score,1
B-READY: Pillar 2: Public Services,1
"Average working hours of children, study and work, ages 7-14 (hours per week)",1
Present value of external debt (current US$),1
"Child employment in agriculture, male (% of male economically active children ages 7-14)",1
B-READY: Market Competition Pillar 1: Quality of Regulations that Promote Market Competition,1
Disaster risk reduction progress score (1-5 scale; 5=best),1
B-READY: Taxation: Overall Score,1
"Children in employment, self-employed (% of children in employment, ages 7-14)",1
"Condom use, population ages 15-24, male (% of males ages 15-24)",1
"Average working hours of children, working only, male, ages 7-14 (hours per week)",1
B-READY: Financial Services Pillar 3: Operational Efficiency of Receiving Financial Services,1
B-READY: Dispute Resolution Pillar 1: Quality of Regulations for Dispute Resolution,1
B-READY: Business Entry: Overall Score,1
B-READY: Business Location Pillar 2: Quality of Public Services and Transparency of Information for Business Location,1
B-READY: Financial Services Pillar 1: Quality of Regulations for Financial Services,1
B-READY: Utility Services: Overall Score,1
Child employment in services (% of economically active children ages 7-14),1
B-READY: Utility Services Pillar 1: Quality of Regulations on Utility Services,1
B-READY: Financial Services Pillar 2: Accessibility of Information in Credit Infrastructure,1
"Child employment in manufacturing, female (% of female economically active children ages 7-14)",1
"Child employment in services, male (% of male economically active children ages 7-14)",1
B-READY: Dispute Resolution: Overall Score,1
B-READY: Business Location Pillar 1: Quality of Regulations for Business Location,1
"Child employment in services, female (% of female economically active children ages 7-14)",1
"Children in employment, work only, male (% of male children in employment, ages 7-14)",1
"B-READY: International Trade Pillar 3: Efficiency of Importing Goods, Exporting Goods, and Engaging in Digital Trade",1
Child employment in agriculture (% of economically active children ages 7-14),1
B-READY: International Trade Pillar 2: Quality of Public Services for the Facilitation of International Trade,1
B-READY: Labor Pillar 1: Quality of Labor Regulations,1
B-READY: Business Insolvency Pillar 1: Quality of Regulations for Judicial Insolvency Proceedings,1
B-READY: Business Insolvency Pillar 2: Quality of Institutional and Operational Infrastructure for Judicial Insolvency Proceedings,1
"Children in employment, self-employed, male (% of male children in employment, ages 7-14)",1
B-READY: Dispute Resolution Pillar 3:  Ease of Resolving a Commercial Dispute,1
B-READY: Utility Services Pillar 3: Operational Efficiency of Utility Service Provision,1
B-READY: Taxation Pillar 2: Public Services Provided by the Tax Administration,1
B-READY: Dispute Resolution Pillar 2: Public Services for Dispute Resolution,1
"Average working hours of children, study and work, female, ages 7-14 (hours per week)",1
B-READY: Business Entry Pillar 1: Quality of Regulations for Business Entry,1
B-READY: Pillar 1: Regulatory Framework,1
"Children in employment, study and work, female (% of female children in employment, ages 7-14)",1
"Net official flows from UN agencies, UNCOVID (current US$)",1
B-READY: Taxation Pillar 1: Quality of Regulations on Taxation,1
B-READY: Taxation Pillar 3: Operational Efficiency of Tax Systems in Practice,1
B-READY: Market Competition: Overall Score,1
B-READY: Labor Pillar 2: Adequacy of Public Services for Labor,1
Multidimensional poverty headcount ratio (UNDP) (% of population),1
Child employment in manufacturing (% of economically active children ages 7-14),1
"Children in employment, study and work, male (% of male children in employment, ages 7-14)",1
B-READY: Business Location: Overall Score,1
